year,country,artist,song,place_final,points_jury_final,points_tele_final,yt_views,predicted_log_yt,expected_views,resid
2016,Armenia,Iveta Mukuchyan,LoveWave,7.0,115.0,134.0,4993536.0,6.559186917166691,3623989.3870756836,0.1392212680249285
2016,Australia,Dami Im,Sound of Silence,2.0,320.0,191.0,16952592.0,6.995655142359891,9900454.731503187,0.23358096756772362
2016,Austria,Zoë,Loin d'ici,13.0,31.0,120.0,2219100.0,6.569557178733962,3711565.9234508653,-0.22338030531239195
2016,Azerbaijan,Samra,Miracle,17.0,44.0,73.0,1748219.0,6.400589713929442,2515299.554712835,-0.15799387800289644
2016,Belgium,Laura Tesoro,What's the Pressure,10.0,130.0,51.0,3122937.0,6.172938017175456,1489148.5301817523,0.32162520598258926
2016,Bulgaria,Poli Genova,If Love Was a Crime,4.0,127.0,180.0,12051707.0,6.576510597601564,3771469.4799344633,0.5045379670003189
2016,Croatia,Nina Kraljić,Lighthouse,23.0,40.0,33.0,1011879.0,6.0210278023631645,1049609.6196828294,-0.015899219478074933
2016,Cyprus,Minus One,Alter Ego,21.0,43.0,53.0,826318.0,6.3840256946042695,2421172.2887669397,-0.4668784813425244
2016,Czechia,Gabriela Gunčíková,I Stand,25.0,41.0,0.0,964022.0,6.075187898111683,1189016.545831144,-0.0911009530370901
2016,France,Amir,J'ai cherché,6.0,148.0,109.0,4262360.0,6.698323483238582,4992562.1883901935,-0.06867335568987176
2016,Georgia,Nika Kocharov & Young Georgian Lolitaz,Midnight Gold,20.0,80.0,24.0,946058.0,6.068719462445015,1171438.416869718,-0.09280169992504028
2016,Germany,Jamie-Lee,Ghost,26.0,1.0,10.0,5007785.0,6.28524867958356,1928628.9413889197,0.4143969953875857
2016,Hungary,Freddie,Pioneer,19.0,52.0,56.0,5114396.0,6.4235104169516255,2651614.693657803,0.2852839348099785
2016,Israel,Hovi Star,Made of Stars,14.0,124.0,11.0,1359294.0,6.0698347407779645,1174450.5639530998,0.06347865912489858
2016,Italy,Francesca Michielin,No Degree of Separation,16.0,90.0,34.0,3286018.0,6.271003966008903,1866396.7348280377,0.24566597205522278
2016,Latvia,Justs,Heartbeat,15.0,69.0,63.0,1980565.0,6.108174678872906,1282846.4563852714,0.1886144211762133
2016,Lithuania,Donny Montell,I've Been Waiting for This Night,9.0,104.0,96.0,1871592.0,6.255453029844572,1800748.3679683013,0.016758150315621556
2016,Malta,Ira Losco,Walk on Water,12.0,137.0,16.0,1147834.0,6.284816790143567,1926711.9461828142,-0.22493770530181134
2016,Netherlands,Douwe Bob,Slow Down,11.0,114.0,39.0,1052244.0,6.243643030211523,1752439.4862565165,-0.22152657217475635
2016,Poland,Michał Szpak,Color of Your Life,8.0,7.0,222.0,4126901.0,6.741346248085866,5512470.115807597,-0.1257221973498135
2016,Russia,Sergey Lazarev,You Are the Only One,3.0,130.0,361.0,55186222.0,7.562336739142562,36503687.60599973,0.1794939245238245
2016,Serbia,Sanja Vučić ZAA,Goodbye (Shelter),18.0,35.0,80.0,2065248.0,6.17711108525256,1503526.4937979789,0.13786112500838943
2016,Spain,Barei,Say Yay!,22.0,67.0,10.0,8792252.0,6.608044567072533,4055501.506573803,0.3360555600955202
2016,Sweden,Frans,If I Were Sorry,5.0,122.0,139.0,9726970.0,6.494762841042978,3124372.7478489764,0.49321473537999605
2016,Ukraine,Jamala,1944,1.0,211.0,323.0,33653295.0,7.145092918882316,13966671.511026489,0.381934673608165
2016,United Kingdom,Joe & Jake,You're Not Alone,24.0,54.0,8.0,5509526.0,6.273410563086557,1876767.8843101661,0.4677036737980167
2017,Armenia,Artsvik,Fly With Me,18.0,58.0,21.0,658483.0,6.161756233389811,1451296.7856760235,-0.343211666091241
2017,Australia,Isaiah,Don't Come Easy,9.0,171.0,2.0,837068.0,6.2827676458609085,1917642.4983265516,-0.3600069061171034
2017,Austria,Nathan Trent,Running On Air,16.0,93.0,0.0,776502.0,6.198849592513373,1580700.5067219497,-0.3087070138553054
2017,Azerbaijan,Dihaj,Skeletons,14.0,78.0,42.0,1835765.0,6.339904639461077,2187281.297274349,-0.0760875539549879
2017,Belarus,Naviband,Story Of My Life,17.0,50.0,33.0,1518622.0,6.234285895536478,1715085.9750074462,-0.05283620840403991
2017,Belgium,Blanche,City Lights,4.0,108.0,255.0,4142985.0,6.938698424212037,8683572.29219774,-0.3213850633079067
2017,Bulgaria,Kristian Kostov,Beautiful Mess,2.0,278.0,337.0,6767081.0,7.247780315863916,17692137.90319465,-0.4173789409701474
2017,Croatia,Jacques Houdek,My Friend,13.0,25.0,103.0,1062082.0,6.304629051960713,2016643.1334393735,-0.2784710034141993
2017,Cyprus,Hovig,Gravity,21.0,36.0,32.0,1698455.0,6.3416109628434665,2195891.93090996,-0.11155691797276202
2017,Denmark,Anja,Where I Am,20.0,69.0,8.0,4461278.0,5.9783302286569455,951327.889011286,0.6711290580467173
2017,France,Alma,Requiem,12.0,45.0,90.0,3972983.0,6.6211444011018035,4179693.1659770873,-0.02202769434545626
2017,Germany,Levina,Perfect Life,25.0,3.0,3.0,1189332.0,6.297466903878963,1983658.4831384968,-0.2221637997720345
2017,Greece,Demy,This is Love,19.0,48.0,29.0,1863520.0,6.293696118375957,1966509.8151268011,-0.02336206024878784
2017,Hungary,Joci Pápai,Origo,8.0,48.0,152.0,4029637.0,6.806072485432761,6398416.186179121,-0.20080655988654605
2017,Israel,Imri Ziv,I Feel Alive,23.0,34.0,5.0,3391325.0,6.045417823685271,1110242.4376509874,0.48495158772160085
2017,Italy,Francesco Gabbani,Occidentali's Karma,6.0,126.0,208.0,5603707.0,6.953511463036273,8984863.074591763,-0.20503604370480666
2017,Moldova,Sunstroke Project,Hey Mamma,3.0,110.0,264.0,23131153.0,7.000531088638285,10012236.24800265,0.36366619260001265
2017,Netherlands,OG3NE,Lights And Shadows,11.0,135.0,15.0,1900610.0,6.2026170040325805,1594472.3924354743,0.0762760059289267
2017,Norway,Jowst,Grab the Moment,10.0,129.0,29.0,2246812.0,6.361669281754785,2299689.920706724,-0.010102547020741426
2017,Poland,Kasia Moś,Flashlight,22.0,23.0,41.0,773873.0,6.129625860170691,1347801.2666166495,-0.24095616554040777
2017,Portugal,Salvador Sobral,Amar pelos dois,1.0,382.0,376.0,15136579.0,7.4659241195906905,29236415.113561574,-0.2858963877095295
2017,Romania,Ilinca feat. Alex Florea,Yodel It!,7.0,58.0,224.0,6831327.0,7.191932808312494,15557249.196602631,-0.35742773379651815
2017,Spain,Manel Navarro,Do It for Your Lover,26.0,0.0,5.0,4208091.0,6.597312761160208,3956514.495200398,0.026772361708509607
2017,Sweden,Robin Bengtsson,I Can't Go On,5.0,218.0,126.0,101590.0,6.526386038220375,3360361.7933357605,-1.5195350778961032
2017,Ukraine,O.Torvald,Time,24.0,12.0,24.0,1115154.0,6.012010378367099,1028040.8650009134,0.03532446814885315
2017,United Kingdom,Lucie Jones,Never Give Up on You,15.0,99.0,12.0,1791949.0,6.344275853501856,2209407.6504918854,-0.09095020829503664
2018,Albania,Eugent Bushpepa,Mall,11.0,126.0,58.0,1537494.0,5.96628023164753,925295.0346495331,0.2205331979888836
2018,Australia,Jessica Mauboy,We Got Love,20.0,90.0,9.0,9283679.0,6.309362624157744,2038743.663089738,0.6583574913681849
2018,Austria,Cesár Sampson,Nobody But You,3.0,271.0,71.0,3867016.0,6.570522413609886,3719824.1839797064,0.016853555385169194
2018,Bulgaria,Equinox,Bones,14.0,100.0,66.0,2805649.0,6.2252763897020245,1679872.767189425,0.22275694808865243
2018,Cyprus,Eleni Foureira,Fuego,2.0,183.0,253.0,51004706.0,7.242878294118488,17493563.835327834,0.4647319544410715
2018,Czechia,Mikolas Josef,Lie To Me,6.0,66.0,215.0,14362396.0,6.938036155057571,8670340.534224778,0.21919074186664567
2018,Denmark,Rasmussen,Higher Ground,9.0,38.0,188.0,1640584.0,6.653247072970567,4500358.103942819,-0.43824860124604115
2018,Estonia,Elina Nechayeva,La forza,8.0,143.0,102.0,3299265.0,6.573055331774779,3741582.5528694233,-0.054638131896124875
2018,Finland,Saara Aalto,Monsters,25.0,23.0,23.0,1488145.0,6.3007314215032455,1998625.4877141947,-0.128086171992412
2018,France,Madame Monsieur,Mercy,13.0,114.0,59.0,3671139.0,6.575774186110795,3765079.8061112193,-0.010973357643274007
2018,Germany,Michael Schulte,You Let Me Walk Alone,4.0,204.0,136.0,5337041.0,6.903709536823046,8011420.673880559,-0.1764089976871812
2018,Hungary,AWS,Viszlát nyár,21.0,28.0,65.0,2719581.0,6.5189793732940755,3303538.505921259,-0.08447737492348484
2018,Ireland,Ryan O'Shaughnessy,Together,16.0,74.0,62.0,1401376.0,6.383605713098092,2418832.042418888,-0.237051037614874
2018,Israel,Netta,Toy,1.0,212.0,317.0,55457354.0,7.289766265450558,19487954.88037388,0.45419287908063133
2018,Italy,Ermal Meta & Fabrizio Moro,Non mi avete fatto niente,5.0,59.0,249.0,5567698.0,7.109348447791017,12863182.986777812,-0.3636727773110948
2018,Lithuania,Ieva Zasimauskaitė,When We're Old,12.0,90.0,91.0,956854.0,6.304602810989957,2016521.2873717858,-0.3237571342701022
2018,Moldova,DoReDos,My Lucky Day,10.0,94.0,115.0,726228.0,6.49068248482028,3095155.585858581,-0.6296094955297349
2018,Netherlands,Waylon,Outlaw In 'Em,18.0,89.0,32.0,1380051.0,6.280737448473529,1908699.0110009033,-0.14084231235539946
2018,Norway,Alexander Rybak,That's How You Write a Song,15.0,60.0,84.0,5784787.0,6.567325981015705,3692546.5676355297,0.1949613915326216
2018,Portugal,Cláudia Pascoal,O jardim,26.0,21.0,18.0,2338621.0,6.048313078732135,1117668.6740752342,0.32064676644368184
2018,Serbia,Sanja Ilić & Balkanika,Nova deca,19.0,38.0,75.0,1306665.0,6.233699512429804,1712771.8336937812,-0.11753525407640542
2018,Slovenia,Lea Sirk,"Hvala, ne!",22.0,41.0,23.0,957156.0,6.110094299413373,1288529.3028108007,-0.1291115733211292
2018,Spain,Amaia & Alfred,Tu canción,23.0,43.0,18.0,6119834.0,6.699892462748309,5010631.481789119,0.08684717935448383
2018,Sweden,Benjamin Ingrosso,Dance You Off,7.0,253.0,21.0,1091212.0,6.198180041831669,1578265.4223949313,-0.16027090857981552
2018,Ukraine,Mélovin,Under The Ladder,17.0,11.0,119.0,3060687.0,6.392264088422475,2467539.3574150777,0.09355483048448843
2018,United Kingdom,SuRie,Storm,24.0,23.0,25.0,2856332.0,6.394785032866939,2481904.3079231163,0.061023652515943105
2019,Albania,Jonida Maliqi,Ktheju tokës,17.0,43.0,47.0,655021.0,5.926820983116931,844930.4916633703,-0.11056575940312996
2019,Australia,Kate Miller-Heidke,Zero Gravity,9.0,153.0,131.0,7046481.0,6.815389286686241,6537162.58950277,0.03258299855635993
2019,Azerbaijan,Chingiz,Truth,8.0,202.0,100.0,2506877.0,6.677565545689167,4759546.18794005,-0.27843251988082507
2019,Belarus,Zena,Like It,24.0,18.0,13.0,1879662.0,6.221243553236231,1664345.7572159788,0.052836208403998164
2019,Cyprus,Tamta,Replay,13.0,77.0,32.0,4718707.0,6.432932255072362,2709768.9062415315,0.2408907563384517
2019,Czechia,Lake Malawi,of a Friend,11.0,150.0,7.0,1300986.0,6.258301713269598,1812598.904883339,-0.14402909015571463
2019,Denmark,Leonora,Love is Forever,12.0,69.0,51.0,753500.0,6.207416865593691,1612192.385410721,-0.3303336089430404
2019,Estonia,Victor Crone,Storm,20.0,28.0,48.0,1751346.0,6.363888317340695,2311470.298750086,-0.12051636255004095
2019,France,Bilal Hassani,Roi,16.0,67.0,38.0,5498835.0,6.515856757804441,3279870.9615809084,0.22441393047816405
2019,Germany,S!sters,Sister,25.0,24.0,0.0,2497808.0,6.3691736658350555,2339772.680763256,0.028385386399530255
2019,Greece,Katerine Duska,Better Love,21.0,50.0,24.0,1781454.0,6.349846978139561,2237932.4734048345,-0.09907236548794085
2019,Iceland,Hatari,Hatrið mun sigra,10.0,46.0,186.0,6229122.0,6.910838730182123,8144018.099496668,-0.11641189338280444
2019,Israel,Kobi Marimi,Home,23.0,0.0,35.0,1296078.0,6.212553379891518,1631373.4118542008,-0.09992224104965697
2019,Italy,Mahmood,Soldi,2.0,219.0,253.0,32595102.0,7.230533990774781,17003330.278068528,0.28261835364323673
2019,Malta,Michela,Chameleon,14.0,87.0,20.0,4539412.0,6.387494204532885,2440586.4992810073,0.26950539684984687
2019,Netherlands,Duncan Laurence,Arcade,1.0,237.0,261.0,48669472.0,7.211410832495593,16270872.146867849,0.4758458022473935
2019,North Macedonia,Tamara Todevska,Proud,7.0,247.0,58.0,3898355.0,6.590881385197466,3898355.000000123,-1.3322676295501878e-14
2019,Norway,KEiiNO,Spirit In The Sky,6.0,40.0,291.0,16527670.0,7.34482470487959,22122016.141672693,-0.12661307196552762
2019,Russia,Sergey Lazarev,Scream,3.0,126.0,244.0,7864226.0,7.24699391389154,17660130.719894685,-0.3513379282507536
2019,San Marino,Serhat,Say Na,19.0,12.0,65.0,1998791.0,6.434323095582879,2718460.929532074,-0.13355571031520075
2019,Serbia,Nevena Božović,Kruna,18.0,35.0,54.0,487247.0,6.193035050323556,1559678.373700249,-0.5052858764948134
2019,Slovenia,Zala Kralj & Gašper Šantl,Sebi,15.0,46.0,59.0,2897563.0,6.279330834616734,1902527.0252964762,0.18270205272982842
2019,Spain,Miki,La venda,22.0,1.0,53.0,7611509.0,6.844942268843971,6997489.715594434,0.036528496390006104
2019,Sweden,John Lundvik,Too Late for Love,5.0,241.0,93.0,3565902.0,6.490336115003484,3092688.0410944493,0.06183328848978853
2019,Switzerland,Luca Hänni,She Got Me,4.0,152.0,212.0,9659421.0,6.945863012659868,8828013.98859999,0.03908808228138039
2019,United Kingdom,Michael Rice,Bigger Than Us,26.0,8.0,3.0,1005631.0,6.34524870113035,2214362.4134412487,-0.34281004850353547
2021,Albania,Anxhela Peristeri,Karma,21.0,22.0,35.0,775598.0,5.947560367700115,886258.4065819663,-0.05792368718783081
2021,Azerbaijan,Efendi,Mata Hari,20.0,32.0,33.0,15289396.0,6.4339490489730204,2716120.5973897222,0.7504412801902287
2021,Belgium,Hooverphonic,The Wrong Place,19.0,71.0,3.0,2165000.0,6.156763198444606,1434706.9378621501,0.17869470224477801
2021,Bulgaria,Victoria,Growing Up Is Getting Old,11.0,140.0,30.0,817667.0,6.2224924446518175,1669138.7692315583,-0.3099159741188675
2021,Cyprus,Elena Tsagrinou,El Diablo,16.0,50.0,44.0,3883453.0,6.537951691173922,3451053.4934412194,0.05126636224242809
2021,Finland,Blind Channel,Dark Side,6.0,83.0,218.0,13303216.0,7.143163838727833,13904770.93395685,-0.019207196090227363
2021,France,Barbara Pravi,Voilà,2.0,248.0,251.0,29335439.0,7.439723409944631,27524751.70261781,0.027669181801548426
2021,Germany,Jendrik,I Don't Feel Hate,25.0,3.0,0.0,1247916.0,6.433365778418344,2712475.2141922163,-0.33718042541508986
2021,Greece,Stefania,Last Dance,10.0,91.0,79.0,7408559.0,6.640326607035603,4368442.332911343,0.22940713681325242
2021,Iceland,Daði & Gagnamagnið,10 Years,4.0,198.0,180.0,8625929.0,7.0290036413248735,10690638.427085059,-0.09319776217702191
2021,Israel,Eden Alene,Set Me Free,17.0,73.0,20.0,2374850.0,6.263560919356723,1834682.5036577946,0.11207526461276984
2021,Italy,Måneskin,Zitti e buoni,1.0,206.0,318.0,117067032.0,7.533595586001082,34166114.02862402,0.5348390218265582
2021,Lithuania,The Roop,Discoteque,8.0,55.0,165.0,10008127.0,6.667317983251133,4648555.101819334,0.3330348245302792
2021,Malta,Destiny,Je me casse,7.0,208.0,47.0,5923698.0,6.611589527853121,4088740.309655199,0.16100338150368376
2021,Moldova,Natalia Gordienko,Sugar,13.0,53.0,62.0,3799016.0,6.390897547931847,2459787.260555678,0.18877357470870582
2021,Netherlands,Jeangu Macrooy,Birth Of A New Age,23.0,11.0,0.0,1791207.0,6.2408047912806435,1741024.133801851,0.012340986507521912
2021,Norway,TIX,Fallen Angel,18.0,15.0,60.0,2608099.0,6.570801533806304,3722215.675977092,-0.15447746118749617
2021,Portugal,The Black Mamba,Love Is On My Side,12.0,126.0,27.0,1164003.0,6.236918745568845,1725515.0261365664,-0.17096464594074323
2021,Russia,Manizha,Russian Woman,9.0,104.0,100.0,9144495.0,6.789315723059932,6156242.561071207,0.17184400372690156
2021,San Marino,Senhit feat. Flo Rida,Adrenalina,22.0,37.0,13.0,3148715.0,6.3303481545264315,2139676.6855704305,0.16778519854302587
2021,Serbia,Hurricane,Loco,15.0,20.0,82.0,11310325.0,6.361242266055588,2297429.8848880264,0.6922328184170556
2021,Spain,Blas Cantó,Voy a quedarme,24.0,6.0,0.0,2497539.0,6.728594918848072,5352971.348462852,-0.3310826402273088
2021,Sweden,Tusse,Voices,14.0,46.0,63.0,3324388.0,6.369759677613357,2342931.9652751167,0.15195202836067256
2021,Switzerland,Gjon's Tears,Tout l'univers,3.0,267.0,165.0,15601056.0,6.89937444216429,7931849.07839754,0.29377955359089203
2021,Ukraine,Go_A,Shum,5.0,97.0,267.0,35965565.0,7.075883407067929,11909222.439908477,0.4800034801590307
2021,United Kingdom,James Newman,Embers,26.0,0.0,0.0,4717366.0,6.404266008090917,2536681.888307573,0.2694335644901731
2022,Armenia,Rosa Linn,Snap,20.0,40.0,21.0,4107328.0,6.337332590618572,2174365.7102534,0.27622679519152893
2022,Australia,Sheldon Riley,Not The Same,15.0,123.0,2.0,1433596.0,6.445216980680505,2787513.5084710084,-0.2887902001233025
2022,Azerbaijan,Nadir Rustamli,Fade To Black,16.0,103.0,3.0,1429380.0,6.393075029475966,2472151.2013005298,-0.23792732835164987
2022,Belgium,Jérémie Makiese,Miss You,19.0,59.0,5.0,958249.0,6.1954450249491435,1568357.3550179338,-0.213966650239251
2022,Czechia,We Are Domi,Lights Off,22.0,33.0,5.0,1583126.0,6.3099357469450625,2041435.8957101956,-0.11042026548317896
2022,Estonia,Stefan,Hope,13.0,43.0,98.0,1911967.0,6.661576404283603,4587503.454385765,-0.3800960120765673
2022,Finland,The Rasmus,Jezebel,21.0,12.0,26.0,2887977.0,6.453543418492653,2841472.246329014,0.007050311674734466
2022,France,Alvan & Ahez,Fulenn,24.0,9.0,8.0,3862536.0,6.491917570217683,3103970.3937053303,0.09495496998957442
2022,Germany,Malik Harris,Rockstars,25.0,0.0,6.0,3314635.0,6.490469954312332,3093641.2814288093,0.029965757549616612
2022,Greece,Amanda Georgiadi Tenfjord,Die Together,8.0,158.0,57.0,1867129.0,6.626670803217397,4233219.6482975725,-0.35549647881263
2022,Iceland,Systur,Með hækkandi sól,23.0,10.0,10.0,1525875.0,6.36785116836081,2332658.5290114395,-0.18433221077980555
2022,Italy,Mahmood & Blanco,Brividi,6.0,158.0,110.0,4547019.0,6.796102245612786,6253198.940245612,-0.13837547667754446
2022,Lithuania,Monika Liu,Sentimentai,14.0,35.0,93.0,2234235.0,6.434540781112581,2719823.870960076,-0.0854119302221168
2022,Moldova,Zdob și Zdub & Advahov Brothers,Trenulețul,7.0,14.0,239.0,10144140.0,7.051450670936333,11257725.914658448,-0.045235436628180636
2022,Netherlands,S10,De diepte,11.0,129.0,42.0,3851295.0,6.481212808225243,3028397.006519638,0.10439397759180391
2022,Norway,Subwoolfer,Give That Wolf a Banana,10.0,36.0,146.0,13046867.0,6.928092180961657,8474072.610646768,0.1874140542400431
2022,Poland,Ochman,River,12.0,46.0,105.0,4485193.0,6.554890364025869,3588313.3761689295,0.09689077165560178
2022,Portugal,Maro,"Saudade, saudade",9.0,171.0,36.0,3068047.0,6.325889339317523,2117821.433650657,0.16097266905078378
2022,Romania,WRS,Llámame,18.0,12.0,53.0,12401769.0,6.736055903957874,5445727.477063523,0.3574277337965155
2022,Serbia,Konstrakta,In corpore sano,5.0,87.0,225.0,7437825.0,6.945061472238824,8811735.899505923,-0.07361551634284247
2022,Spain,Chanel,SloMo,3.0,231.0,228.0,50577346.0,7.689339933053649,48903498.938172035,0.01461610334667629
2022,Sweden,Cornelia Jakobs,Hold Me Closer,4.0,258.0,180.0,7326493.0,6.92287858144066,8372951.612961824,-0.05798244243621564
2022,Switzerland,Marius Bear,Boys Do Cry,17.0,78.0,0.0,747858.0,6.255889705119965,1802559.8985801563,-0.3820705613609272
2022,Ukraine,Kalush Orchestra,Stefania,1.0,192.0,439.0,37903887.0,7.776965260166637,59836372.918008514,-0.19828151151540663
2022,United Kingdom,Sam Ryder,Space Man,2.0,283.0,183.0,12155604.0,7.227442202287152,16882711.623992596,-0.1426656589062425
2023,Albania,Albina & Familja Kelmendi,Duje,22.0,17.0,59.0,1113871.0,6.105659014901834,1275437.0097808833,-0.05882411780934316
2023,Armenia,Brunette,Future Lover,14.0,69.0,53.0,2947389.0,6.502586501082563,3181167.237727633,-0.033149042733662704
2023,Australia,Voyager,Promise,9.0,130.0,21.0,1896908.0,6.553770619377661,3579073.5181865785,-0.2757243512519034
2023,Austria,Teya & Salena,Who The Hell Is Edgar?,15.0,104.0,16.0,4565361.0,6.481742889539317,3032095.595400454,0.17773223496171298
2023,Belgium,Gustaph,Because of You,7.0,127.0,55.0,3005903.0,6.442943156545205,2772957.1371581666,0.03503180531964123
2023,Croatia,Let 3,Mama ŠČ!,13.0,11.0,112.0,4352930.0,6.55123573897896,3558244.1087167873,0.08754594429188423
2023,Cyprus,Andrew Lambrou,Break a Broken Heart,12.0,68.0,58.0,2665640.0,6.669903782222581,4676315.262227638,-0.24410228552074553
2023,Czechia,Vesna,My Sister's Crown,10.0,94.0,35.0,4057974.0,6.481949693312145,3033539.7724591494,0.12635956680935578
2023,Estonia,Alika,Bridges,8.0,146.0,22.0,2641893.0,6.468135751355923,2938568.043222026,-0.04622052719572878
2023,Finland,Käärijä,Cha,2.0,150.0,376.0,49883977.0,7.8179894690460525,65764189.03869043,-0.12002839873227789
2023,France,La Zarra,Évidemment,16.0,54.0,50.0,6130659.0,6.700383165966649,5016296.123325521,0.08712399447033725
2023,Germany,Lord Of The Lost,Blood & Glitter,26.0,3.0,15.0,3359749.0,6.56106271668818,3639675.9307843507,-0.03475588334200719
2023,Israel,Noa Kirel,Unicorn,3.0,177.0,185.0,19273582.0,6.979923968646307,9548254.113814965,0.3050384672476998
2023,Italy,Marco Mengoni,Due vite,4.0,176.0,174.0,6297498.0,7.072416855860363,11814541.056901738,-0.27324881761623043
2023,Lithuania,Monika Linkytė,Stay,11.0,81.0,46.0,1652528.0,6.321169544941073,2094930.139474046,-0.10302071814952374
2023,Moldova,Pasha Parfeni,Soarele și Luna,18.0,20.0,76.0,4196999.0,6.500533700884927,3166166.145718045,0.12240516484918995
2023,Norway,Alessandra,Queen of Kings,5.0,52.0,216.0,14653606.0,7.225258020382008,16798017.15243936,-0.059313510149558546
2023,Poland,Blanka,Solo,19.0,12.0,81.0,11338073.0,6.489798130096792,3088859.327056651,0.5647411187651725
2023,Portugal,Mimicat,Ai coração,23.0,43.0,16.0,2220390.0,6.234150011173098,1714549.433743671,0.11227925155329022
2023,Serbia,Luke Black,Samo mi se spava,24.0,14.0,16.0,1595410.0,6.193007885842882,1559580.8211643333,0.00986442403053811
2023,Slovenia,Joker Out,Carpe Diem,21.0,33.0,45.0,2944163.0,6.369709665445382,2342662.1751549114,0.0992521850709327
2023,Spain,Blanca Paloma,Eaea,17.0,95.0,5.0,3311764.0,6.859024750265007,7228109.951315809,-0.3389653693591521
2023,Sweden,Loreen,Tattoo,1.0,340.0,243.0,31579402.0,7.223576445494445,16733101.503049212,0.2758274562842544
2023,Switzerland,Remo Forrer,Watergun,20.0,61.0,31.0,1551986.0,6.397394453889895,2496861.5059074336,-0.20650665459025763
2023,Ukraine,Tvorchi,Heart of Steel,6.0,54.0,189.0,2648920.0,6.848006304550482,7047032.989043452,-0.42493746217744643
2023,United Kingdom,Mae Muller,I Wrote A Song,25.0,15.0,9.0,3212874.0,6.516800093565282,3287002.9478462404,-0.009906399503869956
2024,Armenia,Ladaniva,Jako,8.0,101.0,82.0,6693920.0,6.6582899317874435,4552919.082295219,0.16739058594955747
2024,Austria,Kaleen,We Will Rave,24.0,19.0,5.0,5646933.0,6.441408506181441,2763175.7332527624,0.3104041287481234
2024,Croatia,Baby Lasagna,Rim Tim Tagi Dim,2.0,210.0,337.0,49723890.0,7.489740818429903,30884517.326616418,0.20682427860024521
2024,Cyprus,Silia Kapsis,Liar,15.0,34.0,44.0,5089449.0,6.6410221549602575,4375444.253407659,0.06564861181411441
2024,Estonia,5miinust & Puuluup,(nendest) narkootikumidest ei tea me (küll) midagi,20.0,4.0,33.0,6172052.0,6.482523360087493,3037549.473052923,0.307906216282543
2024,Finland,Windows95man,No Rules!,19.0,7.0,31.0,11639243.0,6.542841913027539,3490132.484922194,0.5230828223023405
2024,France,Slimane,Mon amour,4.0,218.0,227.0,31773660.0,7.4497624739398125,28168419.115444336,0.052304770042266746
2024,Georgia,Nutsa Buzaladze,Firefighter,21.0,15.0,19.0,2561522.0,6.3156963903039305,2068694.6452990207,0.09280169992504916
2024,Germany,Isaak,Always on the Run,12.0,99.0,18.0,5116957.0,6.650622884532384,4473247.053449807,0.05838888289093802
2024,Greece,Marina Satti,Zari,11.0,41.0,85.0,13775061.0,6.750246142758271,5626601.307077336,0.38884738795282914
2024,Ireland,Bambie Thug,Doomsday Blue,6.0,142.0,136.0,13756657.0,6.901461871368625,7970065.147953148,0.23705103761480384
2024,Israel,Eden Golan,Hurricane,5.0,52.0,323.0,7367925.0,7.461624928077512,28948424.205244347,-0.5942797316612394
2024,Italy,Angelina Mango,La noia,7.0,164.0,104.0,11473021.0,6.850382314364271,7085692.714886947,0.20929547414559302
2024,Latvia,Dons,Hollow,16.0,36.0,28.0,1175272.0,6.260521943968001,1821889.1269132912,-0.1903835544423842
2024,Lithuania,Silvester Belt,Luktelk,14.0,32.0,58.0,7196901.0,6.379871983807728,2398125.923620445,0.4772735448003669
2024,Luxembourg,Tali,Fighter,13.0,83.0,20.0,2606988.0,6.54745848502154,3527430.6567298453,-0.13131945291181424
2024,Norway,Gåte,Ulveham,25.0,12.0,4.0,1397064.0,6.476780976636122,2997650.3628852516,-0.3315646748811485
2024,Portugal,Iolanda,Grito,10.0,139.0,13.0,1659463.0,6.30198381501725,2004397.3274966946,-0.08201624135486174
2024,Serbia,Teya Dora,Ramonda,17.0,22.0,32.0,1404799.0,6.291135909953653,1954951.150746146,-0.14352172054213508
2024,Slovenia,Raiven,Veronika,23.0,15.0,12.0,1337169.0,6.279028964134446,1901205.0715943258,-0.1528426644796932
2024,Spain,Nebulossa,Zorra,22.0,19.0,11.0,7833094.0,6.884186504963362,7659254.580412213,0.009746833303532654
2024,Sweden,Marcus & Martinus,Unforgettable,9.0,125.0,49.0,10406916.0,6.463704196361923,2908735.2656693202,0.5536178527819358
2024,Switzerland,Nemo,The Code,1.0,365.0,226.0,44884191.0,7.2732122917726505,18759112.666877706,0.3788811100225802
2024,Ukraine,alyona alyona & Jerry Heil,Teresa & Maria,3.0,146.0,307.0,23720146.0,7.352238179407803,22502883.89441045,0.022879178420982527
2024,United Kingdom,Olly Alexander,Dizzy,18.0,46.0,0.0,4014614.0,6.534465651522859,3423463.102862378,0.06917814324032623
2025,Albania,Shkodra Elektronike,Zjerm,8.0,45.0,173.0,4082002.0,6.604092846754421,4018767.179056761,0.0067803664107239925
2025,Armenia,Parg,Survivor,20.0,42.0,30.0,1881009.0,6.480868813850484,3025999.2346995473,-0.20647794034104816
2025,Austria,JJ,Wasted Love,1.0,258.0,178.0,17227352.0,7.209121127510814,16185313.93462581,0.027097400072608302
2025,Denmark,Sissal,Hallucination,23.0,45.0,2.0,2173099.0,6.239626359808376,1736306.375037244,0.09745315214230299
2025,Estonia,Tommy Cash,Espresso macchiato,3.0,98.0,258.0,46628203.0,7.375083861106359,23718316.558137283,0.2935648174357981
2025,Finland,Erika Vikman,Ich komme,11.0,88.0,108.0,4275488.0,6.893797059001141,7830636.402966517,-0.26281136716229625
2025,France,Louane,Maman,7.0,180.0,50.0,2780387.0,6.828897688354843,6743691.402453841,-0.38479243910329597
2025,Germany,Abor & Tynna,Baller,15.0,77.0,74.0,13177663.0,6.880466312901004,7593925.162711306,0.2393720839884752
2025,Greece,Klavdia,Asteromáta,6.0,105.0,126.0,6653970.0,6.9634044586996975,9191882.385246923,-0.1403236202167628
2025,Iceland,Væb,Róa,25.0,0.0,33.0,8928393.0,6.556831431962512,3604387.143736056,0.39394186633965944
2025,Israel,Yuval Raphael,New Day Will Rise,2.0,60.0,297.0,4809872.0,7.4076684041879135,25566330.816362374,-0.7255348850767325
2025,Italy,Lucio Corsi,Volevo essere un duro,5.0,159.0,97.0,3693617.0,6.8595375667642,7236649.970809648,-0.2920857063611404
2025,Latvia,Tautumeitas,Bur man laimi,13.0,116.0,42.0,2424833.0,6.382912700527415,2414975.340676776,0.0017691332661584624
2025,Lithuania,Katarsis,Tavo akys,16.0,34.0,62.0,1309318.0,6.431921875436558,2703471.996963086,-0.31487673700443075
2025,Luxembourg,Laura Thorn,La poupée monte le son,22.0,23.0,24.0,5054738.0,6.572379197004764,3735761.972812924,0.13131945291175207
2025,Malta,Miriana Conte,Serving,17.0,83.0,8.0,2274381.0,6.562434291687335,3651188.8096087277,-0.2055710730517415
2025,Netherlands,Claude,C'est La Vie,12.0,133.0,42.0,1934402.0,6.593034620284354,3917731.0650700903,-0.3064878877454724
2025,Norway,Kyle Alessandro,Lighter,18.0,22.0,67.0,11108868.0,6.745973986907912,5571523.759771036,0.29969581943161305
2025,Poland,Justyna Steczkowska,Gaja,14.0,17.0,139.0,3022978.0,6.775388514101863,5961952.534285618,-0.2949535275305193
2025,Portugal,Napa,Deslocado,21.0,37.0,13.0,1733888.0,6.294042452960942,1968078.663054006,-0.05502141204273059
2025,San Marino,Gabry Ponte,Tutta l'Italia,26.0,9.0,18.0,2810180.0,6.48296362681733,3040630.3550795517,-0.034229488227877525
2025,Spain,Melody,Esa diva,24.0,27.0,10.0,12029234.0,6.920756497740648,8332138.833742355,0.15948147538765767
2025,Sweden,KAJ,Bara bada bastu,4.0,126.0,195.0,17015715.0,7.029507135245023,10703039.673354091,0.20134306761557053
2025,Switzerland,Zoë Më,Voyage,10.0,214.0,0.0,2005852.0,6.425470415779399,2663608.645072214,-0.12317152994371483
2025,Ukraine,Ziferblat,Bird of Pray,9.0,60.0,158.0,2638045.0,6.8117598566350805,6482758.699360816,-0.39047765712867655
2025,United Kingdom,Remember Monday,What The Hell Just Happened?,19.0,88.0,0.0,2034826.0,6.58953399703054,3886279.1896746554,-0.2810067188357257
